#ignore,No.,Word,Type,Pronounce,Meaning
1,a,"det, pron",,
2,abandon,v,ə'bændən,
3,abandoned,adj,ə'bændənd,
4,ability,n,ə'biliti,
5,able,adj,eibl,
6,about,"adv, prep",ə'baut,
7,above,"prep, adv",ə'bʌv,
8,abroad,adv,ə'brɔ:d,
9,absence,n,æbsəns,
10,absent,adj,æbsənt,
11,absolute,adj,æbsəlu:t,
12,absolutely,adv,æbsəlu:tli,
13,absorb,v,əb'sɔ:b,
14,abuse,"n, v",ə'bju:s,
15,academic,adj,",ækə'demik",
16,accent,n,æksənt,
17,accept,v,ək'sept,
18,acceptable,adj,ək'septəbl,
19,access,n,ækses,
20,accident,n,æksidənt,
21,accidental,adj,",æksi'dentl",
22,accidentally,adv,",æksi'dentəli",
23,accommodation,n,"ə,kɔmə'deiʃn",
24,accompany,v,ə'kʌmpəni,
25,according to,prep,ə'kɔ:diɳ,
26,account,"n, v",ə'kaunt,
27,accurate,adj,ækjurit,
28,accurately,adv,ækjuritli,
29,accuse,v,ə'kju:z,
30,achieve,v,ə'tʃi:v,
31,achievement,n,ə'tʃi:vmənt,
32,acid,n,æsid,
33,acknowledge,v,ək'nɔlidʤ,
34,acquire,v,ə'kwaiə,
35,across,"adv, prep",ə'krɔs,
36,act,"n, v",ækt,
37,action,n,ækʃn,
38,active,adj,æktiv,
39,actively,adv,æktivli,
40,activity,n,æk'tiviti,
41,actor,n,æktə,
42,actress,n,æktris,
43,actual,adj,æktjuəl,
44,actually,adv,æktjuəli,
45,adapt,v,ə'dæpt,
46,add,v,æd,
47,addition,n,ə'diʃn,
48,additional,adj,ə'diʃənl,
49,address,"n, v",ə'dres,
50,adequate,adj,ædikwit,
51,adequately,adv,ædikwitli,
52,adjust,v,ə'dʤʌst,
53,admiration,n,",ædmə'reiʃn",
54,admire,v,əd'maiə,
55,admit,v,əd'mit,
56,adopt,v,ə'dɔpt,
57,adult,"n, adj",ædʌlt,
58,advance,"n, v",əd'vɑ:ns,
59,advanced,adj,əd'vɑ:nst,
60,advantage,n,əb'vɑ:ntidʤ,
61,adventure,n,əd'ventʃə,
62,advertise,v,ædvətaiz,
63,advertisement,n,əd'və:tismənt,
64,advertising,n,,
65,advice,n,əd'vais,
66,advise,v,əd'vaiz,
67,affair,n,ə'feə,
68,affect,v,ə'fekt,
69,affection,n,ə'fekʃn,
70,afford,v,ə'fɔ:d,
71,afraid,adj,ə'freid,
72,after,"prep, conj, adv",ɑ:ftə,
73,afternoon,n,ɑ:ftə'nu:n,
74,afterwards,adv,ɑ:ftəwəd,
75,again,adv,ə'gen,
76,against,prep,ə'geinst,
77,age,n,eidʤ,
78,aged,adj,eidʤid,
79,agency,n,eidʤənsi,
80,agent,n,eidʤənt,
81,aggressive,adj,ə'gresiv,
82,ago,adv,ə'gou,
83,agree,v,ə'gri:,
84,agreement,n,ə'gri:mənt,
85,ahead,adv,ə'hed,
86,aid,"n, v",eid,
87,aim,"n, v",eim,
88,air,n,eə,
89,aircraft,n,eəkrɑ:ft,
90,airport,n,,
91,alarm,"n, v",ə'lɑ:m,
92,alarmed,adj,ə'lɑ:m,
93,alarming,adj,ə'lɑ:miɳ,
94,alcohol,n,ælkəhɔl,
95,alcoholic,"adj, n",",ælkə'hɔlik",
96,alive,adj,ə'laiv,
97,all,"pron, adv",ɔ:l,
98,all right,"adj, adv, exclamation",ɔ:l'rait,
99,allied,adj,ə'laid,
100,allow,v,ə'lau,
101,ally,"n, v",æli,
102,almost,adv,ɔ:lmoust,
103,alone,"adj, adv",ə'loun,
104,along,"prep, adv",ə'lɔɳ,
105,alongside,"prep, adv",ə'lɔɳ'said,
106,aloud,adv,ə'laud,
107,alphabet,n,ælfəbit,
108,alphabetical,adj,",æflə'betikl",
109,alphabetically,adv,",ælfə'betikəli",
110,already,adv,ɔ:l'redi,
111,also,adv,ɔ:lsou,
112,alter,v,ɔ:ltə,
113,alternative,"n, adj",ɔ:l'tə:nətiv,
114,alternatively,adv,,
115,although,conj,ɔ:l'ðou,
116,altogether,adv,",ɔ:ltə'geðə",
117,always,adv,ɔ:lwəz,
118,amaze,v,ə'meiz,
119,amazed,adj,ə'meiz,
120,amazing,adj,ə'meiziɳ,
121,ambition,n,æm'biʃn,
122,ambulance,n,æmbjuləns,
123,"among, amongst",prep,ə'mʌɳ,
124,amount,"n, v",ə'maunt,
125,amuse,v,ə'mju:z,
126,amused,adj,ə'mju:zd,
127,amusing,adj,ə'mju:ziɳ,
128,"analyse, analyze",v,ænəlaiz,
129,analysis,n,ə'næləsis,
130,ancient,adj,einʃənt,
131,and,conj,"ænd, ənd, ən",
132,anger,n,æɳgə,
133,angle,n,æɳgl,
134,angrily,adv,æɳgrili,
135,angry,adj,æɳgri,
136,animal,n,æniməl,
137,ankle,n,æɳkl,
138,anniversary,n,",æni'və:səri",
139,announce,v,ə'nauns,
140,annoy,v,ə'nɔi,
141,annoyed,adj,ə'nɔid,
142,annoying,adj,ə'nɔiiɳ,
143,annual,adj,ænjuəl,
144,annually,adv,ænjuəli,
145,another,"det, pron",ə'nʌðə,
146,answer,"n, v",ɑ:nsə,
147,anti,prefix,,
148,anticipate,v,æn'tisipeit,
149,anxiety,n,æɳ'zaiəti,
150,anxious,adj,æɳkʃəs,
151,anxiously,adv,æɳkʃəsli,
152,any,"detpron, adv",,
153,anyone (anybod),pron,eniwʌn,
154,anything,pron,eniθiɳ,
155,anyway,adv,eniwei,
156,anywhere,adv,eniweə,
157,apart,adv,ə'pɑ:t,
158,apart from,prep,ə'pɑ:t,
159,"apart from, aside from",prep,,
160,apartment,n,ə'pɑ:tmənt,
161,apologize,v,ə'pɔlədʤaiz,
162,apparent,adj,ə'pærənt,
163,apparently,adv,,
164,appeal,"n, v",ə'pi:l,
165,appear,v,ə'piə,
166,appearance,n,ə'piərəns,
167,apple,n,æpl,
168,application,n,",æpli'keiʃn",
169,apply,v,ə'plai,
170,appoint,v,ə'pɔint,
171,appointment,n,ə'pɔintmənt,
172,appreciate,v,ə'pri:ʃieit,
173,approach,"v, n",ə'proutʃ,
174,"appropriate (to, for)",adj,ə'proupriit,
175,approval,n,ə'pru:vəl,
176,approve,"of, v",ə'pru:v,
177,approving,adj,ə'pru:viɳ,
178,approximate,"adj, to",ə'prɔksimit,
179,approximately,adv,ə'prɔksimitli,
180,April (abbr Apr),n,eiprəl,
181,area,n,eəriə,
182,argue,v,ɑ:gju:,
183,argument,n,ɑ:gjumənt,
184,arise,v,ə'raiz,
185,arm,"n, v",ɑ:m,
186,armed,adj,ɑ:md,
187,arms,n,,
188,army,n,ɑ:mi,
189,around,"adv, prep",ə'raund,
190,arrange,v,ə'reindʤ,
191,arrangement,n,ə'reindʤmənt,
192,arrest,"v, n",ə'rest,
193,arrival,n,ə'raivəl,
194,"arrive (at, in)",v,ə'raiv,
195,arrow,n,ærou,
196,art,n,ɑ:t,
197,article,n,ɑ:tikl,
198,artificial,adj,",ɑ:ti'fiʃəl",
199,artificially,adv,",ɑ:ti'fiʃəli",
200,artist,n,ɑ:tist,
201,artistic,adj,ɑ:'tistik,
202,as,"adv, conj, prep","æz, əz",
203,as well,,,
204,ashamed,adj,ə'ʃeimd,
205,aside,adv,ə'said,
206,ask,v,ɑ:sk,
207,asleep,adj,ə'sli:p,
208,aspect,n,æspekt,
209,assist,v,ə'sist,
210,assistance,n,ə'sistəns,
211,assistant,"n, adj",ə'sistənt,
212,associate,v,ə'souʃiit,
213,association,n,"ə,sousi'eiʃn",
214,assume,v,ə'sju:m,
215,assure,v,ə'ʃuə,
216,atmosphere,n,ætməsfiə,
217,atom,n,ætəm,
218,attach,v,ə'tætʃ,
219,attached,adj,,
220,attack,"n, v",ə'tæk,
221,attempt,"n, v",ə'tempt,
222,attempted,adj,ə'temptid,
223,attend,v,ə'tend,
224,attention,n,ə'tenʃn,
225,attitude,n,ætitju:d,
226,attorney,n,ə'tə:ni,
227,attract,v,ə'trækt,
228,attraction,n,ə'trækʃn,
229,attractive,adj,ə'træktiv,
230,audience,n,ɔ:djəns,
231,August (abbr Aug),n,ɔ:gəst - ɔ:'gʌst,
232,aunt,n,ɑ:nt,
233,author,n,ɔ:θə,
234,authority,n,ɔ:'θɔriti,
235,automatic,adj,",ɔ:tə'mætik",
236,automatically,adv,,
237,autumn,n,ɔ:təm,
238,available,adj,ə'veiləbl,
239,average,"adj, n",ævəridʤ,
240,avoid,v,ə'vɔid,
241,awake,adj,ə'weik,
242,award,"n, v",ə'wɔ:d,
243,aware,adj,ə'weə,
244,away,adv,ə'wei,
245,awful,adj,ɔ:ful,
246,awfully,adv,,
247,awkward,adj,ɔ:kwəd,
248,awkwardly,adv,,
249,back,"n, adj, adv, v",bæk,
250,background,n,bækgraund,
251,backward,adj,bækwəd,
252,backwards,adv,bækwədz,
253,bacteria,n,bæk'tiəriəm,
254,bad,adj,bæd,
255,badly,adv,bædli,
256,bad-tempered,adj,bæd'tempəd,
257,bag,n,bæg,
258,baggage,n,bædidʤ,
259,bake,v,beik,
260,balance,"n, v",bæləns,
261,ball,n,bɔ:l,
262,ban,"v, n",bæn,
263,band,n,bænd,
264,bandage,"n, v",bændidʤ,
265,bank,n,bæɳk,
266,bar,n,bɑ:,
267,bargain,n,bɑ:gin,
268,barrier,n,bæriə,
269,base,"n, v",beis,
270,basic,adj,beisik,
271,basically,adv,beisikəli,
272,basis,n,beisis,
273,bath,n,bɑ:θ,
274,bathroom,n,,
275,battery,n,bætəri,
276,battle,n,bætl,
277,bay,n,bei,
278,be sick,,,
279,beach,n,bi:tʃ,
280,beak,n,bi:k,
281,bear,v,beə,
282,beard,n,biəd,
283,beat,"n, v",bi:t,
284,beautiful,adj,bju:təful,
285,beautifully,adv,bju:təfuli,
286,beauty,n,bju:ti,
287,because,conj,bi'kɔz,
288,become,v,bi'kʌm,
289,bed,n,bed,
290,bedroom,n,bedrum,
291,beef,n,bi:f,
292,beer,n,bi:ə,
293,before,"prep, conj, adv",bi'fɔ:,
294,begin,v,bi'gin,
295,beginning,n,bi'giniɳ,
296,behalf,n,bi:hɑ:f,
297,"behalf, on sb’s behalf",,,
298,behave,v,bi'heiv,
299,"behaviour, behavior",n,,
300,behind,"prep, adv",bi'haind,
301,belief,n,bi'li:f,
302,believe,v,bi'li:v,
303,bell,n,bel,
304,belong,v,bi'lɔɳ,
305,below,"prep, adv",bi'lou,
306,belt,n,belt,
307,bend,"v, n",bentʃ,
308,beneath,"prep, adv",bi'ni:θ,
309,benefit,"n, v",benifit,
310,bent,adj,bent,
311,beside,prep,bi'said,
312,bet,"v, n",bet,
313,"better, best",adj,"betə, best",
314,betting,n,beting,
315,between,"prep, adv",bi'twi:n,
316,beyond,"prep, adv",bi'jɔnd,
317,bicycle (bike),n,baisikl,
318,bid,"v, n",bid,
319,big,adj,big,
320,bill,n,bil,
321,bin,n,bin,
322,biology,n,bai'ɔlədʤi,
323,bird,n,bə:d,
324,birth,n,bə:θ,
325,birthday,n,bə:θdei,
326,biscuit,n,biskit,
327,bit,n,bit,
328,bite,"v, n",bait,
329,bitter,adj,bitə,
330,bitterly,adv,bitəli,
331,black,"adj, n",blæk,
332,blade,n,bleid,
333,blame,"v, n",bleim,
334,blank,"adj, n",blæɳk,
335,blankly,adv,blæɳkli,
336,blind,adj,blaind,
337,block,"n, v",blɔk,
338,blonde (blond),"adj, n, adj",blɔnd,
339,blood,n,blʌd,
340,blow,"v, n",blou,
341,blue,"adj, n",blu:,
342,board,"n, v",bɔ:d,
343,boat,n,bout,
344,body,n,bɔdi,
345,boil,v,bɔil,
346,bomb,"n, v",bɔm,
347,bone,n,boun,
348,book,"n, v",buk,
349,boot,n,bu:t,
350,border,n,bɔ:də,
351,bore,v,bɔ:,
352,bored,adj,,
353,boring,adj,bɔ:riɳ,
354,born ( be born),v,bɔ:n,
355,borrow,v,bɔrou,
356,boss,n,bɔs,
357,both,"det, pron",bouθ,
358,bother,v,bɔðə,
359,bottle,n,bɔtl,
360,bottom,"n, adj",bɔtəm,
361,bound (bound to),adj,baund,
362,bowl,n,boul,
363,box,n,bɔks,
364,boy,n,bɔi,
365,boyfriend,n,,
366,brain,n,brein,
367,branch,n,brɑ:ntʃ,
368,brand,n,brænd,
369,brave,adj,breiv,
370,bread,n,bred,
371,break,"v, n",breik,
372,breakfast,n,brekfəst,
373,breast,n,brest,
374,breath,n,breθ,
375,breathe,v,bri:ð,
376,breathing,n,bri:ðiɳ,
377,breed,"v, n",bri:d,
378,brick,n,brik,
379,bridge,n,bridʤ,
380,brief,adj,bri:f,
381,briefly,adv,bri:fli,
382,bright,adj,brait,
383,brightly,adv,braitli,
384,brilliant,adj,briljənt,
385,bring,v,briɳ,
386,broad,adj,broutʃ,
387,broadcast,"v, n",brɔ:dkɑ:st,
388,broadly,adv,brɔ:dli,
389,broken,adj,broukən,
390,brother,n,brΔðз,
391,brown,"adj, n",braun,
392,brush,"n, v",brΔ∫,
393,bubble,n,bΔbl,
394,budget,n,ˈbʌdʒɪt,
395,build,v,bild,
396,building,n,bildiŋ,
397,bullet,n,bulit,
398,bunch,n,bΛnt∫,
399,burn,v,bə:n,
400,burnt,adj,bə:nt,
401,burst,v,bə:st,
402,bury,v,beri,
403,bus,n,bʌs,
404,bush,n,bu∫,
405,business,n,bizinis,
406,"businessman, businesswoman",n,,
407,busy,adj,́bizi,
408,but,conj,bʌt,
409,butter,n,bʌtə,
410,button,n,bʌtn,
411,buy,v,bai,
412,buyer,n,́baiə,
413,by,"prep, adv",bai,
414,bye,exclamation,bai,
415,cabinet,n,kæbinit,
416,cable,n,keibl,
417,cake,n,keik,
418,calculate,v,kælkjuleit,
419,calculation,n,",kælkju'lei∫n",
420,call,"v, n",kɔ:l,
421,calm,"adj, v, n",kɑ:m,
422,calmly,adv,kɑ:mli,
423,camera,n,kæmərə,
424,camp,"n, v",kæmp,
425,campaign,n,kæmˈpeɪn,
426,camping,n,kæmpiη,
427,can,"modal, v, n",kæn,
428,cancel,v,́kænsəl,
429,cancer,n,kænsə,
430,candidate,n,kændidit,
431,candy,n,́kændi,
432,cap,n,kæp,
433,capable,"of, adj",keipәb(ә)l,
434,capacity,n,kə'pæsiti,
435,capital,"n, adj",ˈkæpɪtl,
436,captain,n,kæptin,
437,capture,"v, n",kæptʃə,
438,car,n,kɑ:,
439,card,n,kɑ:d,
440,cardboard,n,́ka:d ̧bɔ:d,
441,care,"n, v",kɛər,
442,career,n,kə'riə,
443,careful,adj,keəful,
444,carefully,adv,́kɛəfuli,
445,careless,adj,́kɛəlis,
446,carelessly,adv,,
447,carpet,n,kɑ:pit,
448,carrot,n,́kærət,
449,carry,v,ˈkæri,
450,case,n,keis,
451,cash,n,kæʃ,
452,cast,"v, n",kɑ:st,
453,castle,n,kɑ:sl,
454,cat,n,kæt,
455,catch,v,kætʃ,
456,category,n,kætigəri,
457,cause,"n, v",kɔ:z,
458,CD,n,,
459,cease,v,si:s,
460,ceiling,n,ˈsilɪŋ,
461,celebrate,v,selibreit,
462,celebration,n,",seli'breiʃn",
463,cell,n,sel,
464,"cellphone, cellular phone",n,,
465,cent,,sent,
466,centimetre,n,"senti,mi:tз",
467,"centimetre, centimeter",n,,
468,central,adj,́sentrəl,
469,centre,n,sentə,
470,century,n,sentʃuri,
471,ceremony,n,́seriməni,
472,certain,"adj, pron",sə:tn,
473,certainly,adv,́sə:tnli,
474,certificate,n,sə'tifikit,
475,chain,"n, v",tʃeɪn,
476,chair,n,tʃeə,
477,"chairman, chairwoman",n,"tʃeəmən, 'tʃeə,wumən",
478,challenge,"n, v",tʃælindʤ,
479,chamber,n,ˈtʃeɪmbər,
480,chance,n,"tʃæns , tʃɑ:ns",
481,change,"v, n",tʃeɪndʒ,
482,channel,n,tʃænl,
483,chapter,n,t∫æptə(r),
484,character,n,kæriktə,
485,characteristic,"adj, n",̧kærəktə ́ristik,
486,charge,"n, v",tʃɑ:dʤ,
487,charity,n,́tʃæriti,
488,chart,"n, v",tʃa:t,
489,chase,"v, n",tʃeis,
490,chat,"v, n",tʃæt,
491,cheap,adj,tʃi:p,
492,cheaply,adv,,
493,cheat,"v, n",tʃit,
494,check,"v, n",tʃek,
495,cheek,n,́tʃi:k,
496,cheerful,adj,́tʃiəful,
497,cheerfully,adv,,
498,cheese,n,tʃi:z,
499,chemical,"adj, n",ˈkɛmɪkəl,
500,chemist,n,́kemist,
501,chemist’s,n,,
502,chemistry,n,́kemistri,
503,cheque,n,t∫ek,
504,chest,n,tʃest,
505,chew,v,tʃu:,
506,chicken,n,ˈtʃɪkin,
507,chief,"adj, n",tʃi:f,
508,child,n,tʃaild,
509,chin,n,tʃin,
510,chip,n,tʃip,
511,chocolate,n,ˈtʃɒklɪt,
512,choice,n,tʃɔɪs,
513,choose,v,t∫u:z,
514,chop,v,tʃɔp,
515,church,n,tʃə:tʃ,
516,cigarette,n,̧sigə ́ret,
517,cinema,n,ˈsɪnəmə,
518,circle,n,sə:kl,
519,circumstance,n,ˈsɜrkəmˌstəns,
520,citizen,n,́sitizən,
521,city,n,si:ti,
522,civil,adj,sivl,
523,claim,"v, n",kleim,
524,clap,"v, n",klæp,
525,class,n,klɑ:s,
526,classic,"adj, n",klæsik,
527,classroom,n,klα:si,
528,clean,"adj, v",kli:n,
529,clear,"adj, v",,
530,clearly,adv,́kliəli,
531,clerk,n,kla:k,
532,clever,adj,klevə,
533,click,"v, n",klik,
534,client,n,́klaiənt,
535,climate,n,klaimit,
536,climb,v,klaim,
537,climbing,n,́klaimiη,
538,clock,n,klɔk,
539,close,adj,klouz,
540,closed,adj,klouzd,
541,closely,adv,́klousli,
542,closet,n,klozit,
543,cloth,n,klɔθ,
544,clothes,n,klouðz,
545,clothing,n,́klouðiη,
546,cloud,n,klaud,
547,club,n,́klʌb,
548,coach,n,koʊtʃ,
549,coal,n,koul,
550,coast,n,koust,
551,coat,n,koʊt,
552,code,n,koud,
553,coffee,n,kɔfi,
554,coin,n,kɔin,
555,cold,"adj, n",kould,
556,coldly,adv,kouldli,
557,collapse,"v, n",kз'læps,
558,colleague,n,ˈkɒlig,
559,collect,v,kə ́lekt,
560,collection,n,kəˈlɛkʃən,
561,college,n,kɔlidʤ,
562,"color, colour","n, v",kʌlə,
563,coloured,adj,́kʌləd,
564,column,n,kɔləm,
565,combination,n,",kɔmbi'neiʃn",
566,combine,v,kɔmbain,
567,come,v,kʌm,
568,comedy,n,́kɔmidi,
569,comfort,"n, v",kΔmfзt,
570,comfortable,adj,kΔmfзtзbl,
571,comfortably,adv,́kʌmfətəbli,
572,command,"v, n",kə'mɑ:nd,
573,comment,"n, v",ˈkɒment,
574,commercial,adj,kə'mə:ʃl,
575,commission,"n, v",kəˈmɪʃən,
576,commit,v,kə'mit,
577,commitment,n,kə'mmənt,
578,committee,n,kə'miti,
579,common,adj,kɔmən,
580,commonly,adv,́kɔmənli,
581,communicate,v,kə'mju:nikeit,
582,communication,n,"kə,mju:ni'keiʃn",
583,community,n,kə'mju:niti,
584,company,n,́kʌmpəni,
585,compare,v,kәm'peә(r),
586,comparison,n,kəm'pærisn,
587,compete,v,kəm'pi:t,
588,competition,n,",kɔmpi'tiʃn",
589,competitive,adj,kəm ́petitiv,
590,complain,v,kəm ́plein,
591,complaint,n,kəmˈpleɪnt,
592,complete,"adj, v",kəm'pli:t,
593,completely,adv,kзm'pli:tli,
594,complex,adj,kɔmleks,
595,complicate,v,komplikeit,
596,complicated,adj,komplikeitid,
597,computer,n,kəm'pju:tə,
598,concentrate,v,kɔnsentreit,
599,concentration,n,",kɒnsn'trei∫n",
600,concept,n,ˈkɒnsept,
601,concern,"v, n",kәn'sз:n,
602,concerned,adj,kən ́sə:nd,
603,concerning,n,kən ́sə:niη,
604,concert,n,kən'sə:t,
605,conclude,v,kənˈklud,
606,conclusion,n,kənˈkluʒən,
607,concrete,"adj, n",kɔnkri:t,
608,condition,n,kәn'di∫әn,
609,conduct,"v, n",kən'dʌkt,
610,conference,n,ˈkɒnfrəns,
611,confidence,n,konfid(ә)ns,
612,confident,adj,kɔnfidənt,
613,confidently,adv,kɔnfidəntli,
614,confine,v,kən'fain,
615,confined,adj,kən'faind,
616,confirm,v,kən'fə:m,
617,conflict,"n, v",ˈkɒnflɪkt,
618,confront,v,kən'frʌnt,
619,confuse,v,,
620,confused,adj,kən'fju:zd,
621,confusing,adj,kən'fju:ziη,
622,confusion,n,kən'fju:ʒn,
623,congratulations,n,"kən,grætju'lei∫n",
624,congress,n,kɔɳgres,
625,connect,v,kə'nekt,
626,connection,n,"kə ́nekʃən,",
627,conscious,adj,ˈkɒnʃəs,
628,consequence,n,kɔnsikwəns,
629,conservative,adj,kən ́sə:vətiv,
630,consider,v,kən ́sidə,
631,considerable,adj,kən'sidərəbl,
632,considerably,adv,kən'sidərəbly,
633,consideration,n,kənsidə'reiʃn,
634,consist of,v,kən'sist,
635,constant,adj,kɔnstənt,
636,constantly,adv,kɔnstəntli,
637,construct,v,kən ́strʌkt,
638,construction,n,kən'strʌkʃn,
639,consult,v,kən'sʌlt,
640,consumer,n,kən'sju:mə,
641,contact,"n, v",ˈkɒntækt,
642,contain,v,kәn'tein,
643,container,n,kən'teinə,
644,contemporary,adj,kən'tempərəri,
645,content,n,kən'tent,
646,contest,n,kən ́test,
647,context,n,kɔntekst,
648,continent,n,kɔntinənt,
649,continue,v,kən ́tinju:,
650,continuous,adj,kən'tinjuəs,
651,continuously,adv,kən'tinjuəsli,
652,contract,"n, v",kɔntrækt,
653,contrast,"n, v",kən'træst,
654,contrasting,adj,kən'træsti,
655,contribute,v,kən'tribju:t,
656,contribution,n,̧kɔntri ́bju:ʃən,
657,control,"n, v",kən'troul,
658,controlled,adj,kən'trould,
659,convenient,adj,kən ́vi:njənt,
660,convention,n,kən'ven∫n,
661,conventional,adj,kən'ven∫ənl,
662,conversation,n,",kɔnvə'seiʃn",
663,convert,v,kən'və:t,
664,convince,v,kən'vins,
665,cook,"v, n",kʊk,
666,cooker,n,́kukə,
667,cookie,n,́kuki,
668,cooking,n,kʊkiɳ,
669,cool,"adj, v",ku:l,
670,cope (+ with),v,koup,
671,copy,"n, v",kɔpi,
672,core,n,kɔ:,
673,corner,n,́kɔ:nə,
674,correct,"adj, v",kə ́rekt,
675,correctly,adv,kə ́rektli,
676,cost,"n, v","kɔst , kɒst",
677,cottage,n,kɔtidʤ,
678,cotton,n,ˈkɒtn,
679,cough,"v, n",kɔf,
680,coughing,n,́kɔfiη,
681,could,"modal, v",kud,
682,council,n,kaunsl,
683,count,v,kaunt,
684,counter,n,ˈkaʊntər,
685,country,n,ˈkʌntri,
686,countryside,n,kʌntri'said,
687,county,n,koun'ti,
688,couple,n,kʌpl,
689,courage,n,kʌridʤ,
690,course,n,kɔ:s,
691,court,n,"kɔrt , koʊrt",
692,cousin,n,ˈkʌzən,
693,cover,"v, n",kʌvə,
694,covered,adj,kʌvərd,
695,covering,n,́kʌvəriη,
696,cow,n,kaʊ,
697,crack,"n, v",kræk,
698,cracked,adj,krækt,
699,craft,n,kra:ft,
700,crash,"n, v",kræʃ,
701,crazy,adj,kreizi,
702,cream,n,kri:m,
703,create,v,kri:'eit,
704,creature,n,kri:tʃə,
705,credit,n,ˈkrɛdɪt,
706,credit card,n,,
707,crime,n,kraim,
708,criminal,"adj, n",ˈkrɪmənl,
709,crisis,n,ˈkraɪsɪs,
710,crisp,adj,krips,
711,criterion,n,kraɪˈtɪəriən,
712,critical,adj,ˈkrɪtɪkəl,
713,criticism,n,́kriti ̧sizəm,
714,criticize,v,ˈkrɪtəˌsaɪz,
715,crop,n,krop,
716,cross,"n, v",krɔs,
717,crowd,n,kraud,
718,crowded,adj,kraudid,
719,crown,n,kraun,
720,crucial,adj,́kru:ʃəl,
721,cruel,adj,kru:ә(l),
722,crush,v,krᴧ∫,
723,cry,"v, n",krai,
724,cultural,adj,ˈkʌltʃərəl,
725,culture,n,ˈkʌltʃər,
726,cup,n,kʌp,
727,cupboard,n,kʌpbəd,
728,curb,v,kə:b,
729,cure,"v, n",kjuə,
730,curious,adj,kjuəriəs,
731,curiously,adv,kjuəriəsli,
732,curl,"v, n",kə:l,
733,curly,adj,́kə:li,
734,current,"adj, n",kʌrənt,
735,currently,adv,kʌrəntli,
736,curtain,n,kə:tn,
737,curve,"n, v",kə:v,
738,curved,adj,kə:vd,
739,custom,n,kʌstəm,
740,customer,n,́kʌstəmə,
741,customs,n,́kʌstəmz,
742,cut,"v, n",kʌt,
743,cycle,"n, v",saikl,
744,cycling,n,saikliŋ,
745,dad,n,dæd,
746,daily,adj,deili,
747,damage,"n, v",dæmidʤ,
748,damp,adj,dæmp,
749,dance,"n, v",dɑ:ns,
750,dancer,n,dɑ:nsə,
751,dancing,n,dɑ:nsiɳ,
752,danger,n,deindʤə,
753,dangerous,adj,́deindʒərəs,
754,dare,v,deər,
755,dark,"adj, n",dɑ:k,
756,data,n,́deitə,
757,date,"n, v",deit,
758,daughter,n,ˈdɔtər,
759,day,n,dei,
760,dead,adj,ded,
761,deaf,adj,def,
762,deal,"v, n",di:l,
763,dear,adj,diə,
764,death,n,deθ,
765,debate,"n, v",dɪˈbeɪt,
766,debt,n,det,
767,decade,n,dekeid,
768,decay,"n, v",di'kei,
769,December (abbr Dec),n,di'sembə,
770,decide,v,di'said,
771,decision,n,diˈsiʒn,
772,declare,v,di'kleə,
773,decline,"n, v",di'klain,
774,decorate,v,́dekə ̧reit,
775,decoration,n,̧dekə ́reiʃən,
776,decorative,adj,́dekərətiv,
777,decrease,"v, n",di:kri:s,
778,deep,"adj, adv",di:p,
779,deeply,adv,́di:pli,
780,defeat,"v, n",di'fi:t,
781,defence,n,di'fens,
782,defend,v,di'fend,
783,define,v,di'fain,
784,definite,adj,dә'finit,
785,definitely,adv,definitli,
786,definition,n,defini∫n,
787,degree,n,dɪˈgri:,
788,delay,"n, v",dɪˈleɪ,
789,deliberate,adj,di'libәreit,
790,deliberately,adv,di ́libəritli,
791,delicate,adj,delikeit,
792,delight,"n, v",di'lait,
793,delighted,adj,di'laitid,
794,deliver,v,di'livə,
795,delivery,n,di'livəri,
796,demand,"n, v",dɪ.ˈmænd,
797,demonstrate,v,ˈdɛmənˌstreɪt,
798,dentist,n,dentist,
799,deny,v,di'nai,
800,department,n,di'pɑ:tmənt,
801,departure,n,di'pɑ:tʃə,
802,depend,"on, v",di'pend,
803,deposit,"n, v",dɪˈpɒzɪt,
804,depress,v,di ́pres,
805,depressed,adj,di-'prest,
806,depressing,adj,di'presiη,
807,depth,n,depθ,
808,derive,v,di ́raiv,
809,describe,v,dɪˈskraɪb,
810,description,n,dɪˈskrɪpʃən,
811,desert,"n, v",ˈdɛzərt,
812,deserted,adj,di'zз:tid,
813,deserve,v,di'zз:v,
814,design,"n, v",di ́zain,
815,desire,"n, v",di'zaiə,
816,desk,n,desk,
817,desperate,adj,despərit,
818,desperately,adv,despəritli,
819,despite,prep,dis'pait,
820,destroy,v,dis'trɔi,
821,destruction,n,dis'trʌk∫n,
822,detail,n,(n) ˈditeɪl ; (v)dɪˈteɪl,
823,detailed,adj,di:teild,
824,determination,n,"di,tə:mi'neiʃn",
825,determine,v,di'tз:min,
826,determined,adj,di ́tə:mind,
827,develop,v,di'veləp,
828,development,n,di’velәpmәnt,
829,device,n,di'vais,
830,devote,v,di'vout,
831,devoted,adj,di ́voutid,
832,diagram,n,ˈdaɪəˌgræm,
833,diamond,n,́daiəmənd,
834,diary,n,daiəri,
835,dictionary,n,dikʃənəri,
836,die,v,daɪ,
837,diet,n,daiət,
838,difference,n,"ˈdɪfərəns , ˈdɪfrəns",
839,different,adj,difrзnt,
840,differently,adv,difrзntli,
841,difficult,adj,difik(ə)lt,
842,difficulty,n,difikəlti,
843,dig,v,dɪg,
844,dinner,n,dinə,
845,direct,"adj, v",di'rekt; dai'rekt,
846,direction,n,di'rek∫n,
847,directly,adv,dai ́rektli,
848,director,n,di'rektə,
849,dirt,n,də:t,
850,dirty,adj,́də:ti,
851,disabled,adj,dis ́eibld,
852,disadvantage,n,dɪsədˈvɑntɪdʒ,
853,disagree,v,̧disə ́gri:,
854,disagreement,n,̧disəg ́ri:mənt,
855,disappear,v,disə'piə,
856,disappoint,v,ˌdɪsəˈpɔɪnt,
857,disappointed,adj,",disз'pointid",
858,disappointing,adj,̧disə ́pɔintiη,
859,disappointment,n,̧disə ́pɔintmənt,
860,disapproval,n,̧disə ́pru:vl,
861,disapprove,"of, v",̧disə ́pru:v,
862,disapproving,adj,̧disə ́pru:viη,
863,disaster,n,di'zɑ:stə,
864,"disc, disk",n,disk,
865,discipline,n,disiplin,
866,discount,n,diskaunt,
867,discover,v,dis'kʌvə,
868,discovery,n,dis'kʌvəri,
869,discuss,v,dis'kΛs,
870,discussion,n,dis'kʌʃn,
871,disease,n,di'zi:z,
872,disgust,"v, n",dis ́gʌst,
873,disgusted,adj,dis ́gʌstid,
874,disgusting,adj,dis ́gʌstiη,
875,dish,n,diʃ,
876,dishonest,adj,dis ́ɔnist,
877,dishonestly,adv,dis'onistli,
878,disk,n,disk,
879,dislike,"v, n",dis'laik,
880,dismiss,v,dis'mis,
881,display,"v, n",dis'plei,
882,dissolve,v,dɪˈzɒlv,
883,distance,n,distəns,
884,distinguish,v,dis ́tiηgwiʃ,
885,distribute,v,dis'tribju:t,
886,distribution,n,",distri'bju:ʃn",
887,district,n,distrikt,
888,disturb,v,dis ́tə:b,
889,disturbing,adj,dis ́tə:biη,
890,divide,v,di'vaid,
891,division,n,dɪ'vɪʒn,
892,divorce,"n, v",di ́vɔ:s,
893,divorced,adj,di'vo:sd,
894,do,"vauxiliary, v","du:, du",
895,doctor (abbr Dr),n,dɔktə,
896,document,n,dɒkjʊmənt,
897,dog,n,dɔg,
898,dollar,n,́dɔlə,
899,domestic,adj,də'mestik,
900,dominate,v,ˈdɒməˌneɪt,
901,door,n,dɔ:,
902,dot,n,dɔt,
903,double,"adj, det, adv, n, v",dʌbl,
904,doubt,"n, v",daut,
905,down,"adv, prep",daun,
906,downstairs,"adv, adj, n",daun'steзz,
907,downward,adj,́daun ̧wəd,
908,downwards,adv,́daun ̧wədz,
909,dozen,ndet,dʌzn,
910,draft,"n, adj, v",dra:ft,
911,drag,v,drӕg,
912,drama,n,drɑː.mə,
913,dramatic,adj,drə ́mætik,
914,dramatically,adv,drə'mætikəli,
915,draw,v,dro:,
916,drawer,n,́drɔ:ə,
917,drawing,n,dro:iŋ,
918,dream,"n, v",dri:m,
919,dress,"n, v",dres,
920,dressed,adj,,
921,drink,"n, v",driɳk,
922,drive,"v, n",draiv,
923,driver,n,draivә(r),
924,driving,n,draiviɳ,
925,drop,"v, n",drɒp,
926,drug,n,drʌg,
927,drugstore,n,drʌgstɔ:,
928,drum,n,drʌm,
929,drunk,adj,drʌŋk,
930,dry,"adj, v",drai,
931,due,adj,"du, dyu",
932,dull,adj,dʌl,
933,dump,"v, n",dʌmp,
934,during,prep,djuəriɳ,
935,dust,"n, v",dʌst,
936,duty,n,dju:ti,
937,DVD,n,,
938,dying,adj,ˈdaɪɪŋ,
939,e.g.,abbr,,
940,each,"det, pron",i:tʃ,
941,each other,"n, pro",,
943,ear,n,iə,
944,early,"adj, adv",́ə:li,
945,earn,v,ə:n,
946,earth,n,ə:θ,
947,ease,"n, v",i:z,
948,easily,adv,i:zili,
949,east,"n, adj, adv",i:st,
950,eastern,adj,i:stən,
951,easy,adj,i:zi,
952,eat,v,i:t,
953,economic,adj,̧i:kə ́nɔmik,
954,economy,n,ɪˈkɒnəmi,
955,edge,n,edӡ,
956,edition,n,i'diʃn,
957,editor,n,́editə,
958,educate,v,edju:keit,
959,educated,adj,edju:keitid,
960,education,n,",edju:'keiʃn",
961,effect,n,i'fekt,
962,effective,adj,ifektiv,
963,effectively,adv,i'fektivli,
964,efficient,adj,i'fiʃənt,
965,efficiently,adv,i'fiʃəntli,
966,effort,n,́efə:t,
967,egg,n,eg,
968,either,"det, pron, adv",́aiðə,
969,elbow,n,elbou,
970,elderly,adj,́eldəli,
971,elect,v,i ́lekt,
972,election,n,i ́lekʃən,
973,electric,adj,ɪˈlɛktrɪk,
974,electrical,adj,i'lektrikəl,
975,electricity,n,ilek'trisiti,
976,electronic,adj,"ɪlɛkˈtrɒnɪk ,ˌilɛkˈtrɒnɪk",
977,elegant,adj,́eligənt,
978,element,n,ˈɛləmənt,
979,elevator,n,ˈɛləˌveɪtər,
980,else,adv,els,
981,elsewhere,adv,̧els ́wɛə,
982,"email, e-mail","n, v",imeil,
983,embarrass,v,im ́bærəs,
984,embarrassed,adj,im ́bærəst,
985,embarrassing,adj,im ́bærəsiη,
986,embarrassment,n,im ́bærəsmənt,
987,emerge,v,i ́mə:dʒ,
988,emergency,n,i'mз:dЗensi,
989,emotion,n,i'moƱʃ(ә)n,
990,emotional,adj,i ́mouʃənəl,
991,emotionally,adv,i ́mouʃənəli,
992,emphasis,n,́emfəsis,
993,emphasize,v,ˈɛmfəˌsaɪz,
994,empire,n,empaiə,
995,employ,v,im'plɔi,
996,employee,n,̧emplɔi ́i:,
997,employer,n,em ́plɔiə,
998,employment,n,im'plɔimənt,
999,empty,"adj, v",empti,
1000,enable,v,i'neibl,
1001,encounter,"v, n",in'kautә,
1002,encourage,v,in'kΔridЗ,
1003,encouragement,n,in ́kʌridʒmənt,
1004,end,"n, v",end,
1005,ending,n,́endiη,
1006,enemy,n,enәmi,
1007,energy,n,ˈɛnərdʒi,
1008,engage,v,in'geidʤ,
1009,engaged,adj,in ́geidʒd,
1010,engine,n,en'ʤin,
1011,engineer,n,endʒi'niər,
1012,engineering,n,",enʤɪ'nɪərɪŋ",
1013,enjoy,v,in'dЗoi,
1014,enjoyable,adj,in ́dʒɔiəbl,
1015,enjoyment,n,in ́dʒɔimənt,
1016,enormous,adj,i'nɔ:məs,
1017,enough,"det, pron, adv",i'nʌf,
1018,enquiry,n,in'kwaiәri,
1019,ensure,v,"ɛnˈʃʊər , ɛnˈʃɜr",
1020,enter,v,́entə,